"0","cand_2014 <- get_candidates(2014, 6)
"
"2","status: SUCCEEDED, elapsed: 1s
"
"2"," Downloaded 13995 bytes..."
"2"," Downloaded 15443 bytes..."
"2"," Downloaded 21227 bytes..."
"2"," Downloaded 29915 bytes..."
"2"," Downloaded 31363 bytes..."
"2"," Downloaded 37147 bytes..."
"2"," Downloaded 48710 bytes..."
"2"," Downloaded 50150 bytes..."
"2"," Downloaded 51598 bytes..."
"2"," Downloaded 57382 bytes..."
"2"," Downloaded 71854 bytes..."
"2"," Downloaded 79086 bytes..."
"2"," Downloaded 92103 bytes..."
"2"," Downloaded 96447 bytes..."
"2"," Downloaded 100783 bytes..."
"2"," Downloaded 103679 bytes..."
"2"," Downloaded 106575 bytes..."
"2"," Downloaded 110905 bytes..."
"2"," Downloaded 113794 bytes..."
"2"," Downloaded 116675 bytes..."
"2"," Downloaded 121019 bytes..."
"2"," Downloaded 123915 bytes..."
"2"," Downloaded 125363 bytes..."
"2"," Downloaded 129699 bytes..."
"2"," Downloaded 132587 bytes..."
"2"," Downloaded 136931 bytes..."
"2"," Downloaded 141261 bytes..."
"2"," Downloaded 145598 bytes..."
"2"," Downloaded 149928 bytes..."
"2"," Downloaded 151369 bytes..."
"2"," Downloaded 155706 bytes..."
"2"," Downloaded 157147 bytes..."
"2"," Downloaded 160035 bytes..."
"2"," Downloaded 161483 bytes..."
"2"," Downloaded 168709 bytes..."
"2"," Downloaded 173038 bytes..."
"2"," Downloaded 175934 bytes..."
"2"," Downloaded 178823 bytes..."
"2"," Downloaded 184601 bytes..."
"2"," Downloaded 186049 bytes..."
"2"," Downloaded 188937 bytes..."
"2"," Downloaded 190385 bytes..."
"2"," Downloaded 191833 bytes..."
"2"," Downloaded 193274 bytes..."
"2"," Downloaded 194722 bytes..."
"2"," Downloaded 199052 bytes..."
"2"," Downloaded 201941 bytes..."
"2"," Downloaded 203382 bytes..."
"2"," Downloaded 206271 bytes..."
"2"," Downloaded 207719 bytes..."
"2"," Downloaded 210607 bytes..."
"2"," Downloaded 213503 bytes..."
"2"," Downloaded 214944 bytes..."
"2"," Downloaded 216392 bytes..."
"2"," Downloaded 217833 bytes..."
"2"," Downloaded 220722 bytes..."
"2"," Downloaded 223611 bytes..."
"2"," Downloaded 226500 bytes..."
"2"," Downloaded 229388 bytes..."
"2"," Downloaded 232284 bytes..."
"2"," Downloaded 235173 bytes..."
"2"," Downloaded 238054 bytes..."
"2"," Downloaded 240950 bytes..."
"2"," Downloaded 243839 bytes..."
"2"," Downloaded 246727 bytes..."
"2"," Downloaded 251071 bytes..."
"2"," Downloaded 253953 bytes..."
"2"," Downloaded 256842 bytes..."
"2"," Downloaded 259731 bytes..."
"2"," Downloaded 262620 bytes..."
"2"," Downloaded 265509 bytes..."
"2"," Downloaded 269845 bytes..."
"2"," Downloaded 274189 bytes..."
"2"," Downloaded 279973 bytes..."
"2"," Downloaded 281414 bytes..."
"2"," Downloaded 285751 bytes..."
"2"," Downloaded 288639 bytes..."
"2"," Downloaded 290087 bytes..."
"2"," Downloaded 292976 bytes..."
"2"," Downloaded 297312 bytes..."
"2"," Downloaded 298760 bytes..."
"2"," Downloaded 301656 bytes..."
"2"," Downloaded 304552 bytes..."
"2"," Downloaded 307448 bytes..."
"2"," Downloaded 310344 bytes..."
"2"," Downloaded 313225 bytes..."
"2"," Downloaded 319017 bytes..."
"2"," Downloaded 321913 bytes..."
"2"," Downloaded 324809 bytes..."
"2"," Downloaded 326257 bytes..."
"2"," Downloaded 329153 bytes..."
"2"," Downloaded 339281 bytes..."
"2"," Downloaded 353753 bytes..."
"2"," Downloaded 360985 bytes..."
"2"," Downloaded 363881 bytes..."
"2"," Downloaded 365329 bytes..."
"2"," Downloaded 372569 bytes..."
"2"," Downloaded 378353 bytes..."
"2"," Downloaded 379801 bytes..."
"2"," Downloaded 391385 bytes..."
"2"," Downloaded 394281 bytes..."
"2"," Downloaded 404409 bytes..."
"2"," Downloaded 413097 bytes..."
"2"," Downloaded 418889 bytes..."
"2"," Downloaded 421785 bytes..."
"2"," Downloaded 434809 bytes..."
"2"," Downloaded 436257 bytes..."
"2"," Downloaded 444945 bytes..."
"2"," Downloaded 446385 bytes..."
"2"," Downloaded 452177 bytes..."
"2"," Downloaded 456521 bytes..."
"2"," Downloaded 460865 bytes..."
"2"," Downloaded 465209 bytes..."
"2"," Downloaded 472449 bytes..."
"2"," Downloaded 478233 bytes..."
"2"," Downloaded 479681 bytes..."
"2"," Downloaded 484025 bytes..."
"2"," Downloaded 486921 bytes..."
"2"," Downloaded 489809 bytes..."
"2"," Downloaded 494153 bytes..."
"2"," Downloaded 495601 bytes..."
"2"," Downloaded 501393 bytes..."
"2"," Downloaded 504289 bytes..."
"2"," Downloaded 505737 bytes..."
"2"," Downloaded 508633 bytes..."
"2"," Downloaded 510081 bytes..."
"2"," Downloaded 512977 bytes..."
"2"," Downloaded 518769 bytes..."
"2"," Downloaded 521665 bytes..."
"2"," Downloaded 523113 bytes..."
"2"," Downloaded 524561 bytes..."
"2"," Downloaded 530345 bytes..."
"2"," Downloaded 536137 bytes..."
"2"," Downloaded 537585 bytes..."
"2"," Downloaded 540481 bytes..."
"2"," Downloaded 541929 bytes..."
"2"," Downloaded 547721 bytes..."
"2"," Downloaded 553505 bytes..."
"2"," Downloaded 556401 bytes..."
"2"," Downloaded 566537 bytes..."
"2"," Downloaded 569433 bytes..."
"2"," Downloaded 572329 bytes..."
"2"," Downloaded 575225 bytes..."
"2"," Downloaded 579561 bytes..."
"2"," Downloaded 581009 bytes..."
"2"," Downloaded 582457 bytes..."
"2"," Downloaded 583905 bytes..."
"2"," Downloaded 586801 bytes..."
"2"," Downloaded 588249 bytes..."
"2"," Downloaded 591137 bytes..."
"2"," Downloaded 592585 bytes..."
"2"," Downloaded 594033 bytes..."
"2"," Downloaded 595481 bytes..."
"2"," Downloaded 596921 bytes..."
"2"," Downloaded 598369 bytes..."
"2"," Downloaded 599817 bytes..."
"2"," Downloaded 601265 bytes..."
"2"," Downloaded 605609 bytes..."
"2"," Downloaded 607049 bytes..."
"2"," Downloaded 608497 bytes..."
"2"," Downloaded 611393 bytes..."
"2"," Downloaded 614289 bytes..."
"2"," Downloaded 615737 bytes..."
"2"," Downloaded 618633 bytes..."
"2"," Downloaded 621529 bytes..."
"2"," Downloaded 624410 bytes..."
"2"," Downloaded 627306 bytes..."
"2"," Downloaded 630202 bytes..."
"2"," Downloaded 633090 bytes..."
"2"," Downloaded 637427 bytes..."
"2"," Downloaded 640315 bytes..."
"2"," Downloaded 643211 bytes..."
"2"," Downloaded 647555 bytes..."
"2"," Downloaded 649003 bytes..."
"2"," Downloaded 651899 bytes..."
"2"," Downloaded 653347 bytes..."
"2"," Downloaded 654795 bytes..."
"2"," Downloaded 656235 bytes..."
"2"," Downloaded 657683 bytes..."
"2"," Downloaded 659131 bytes..."
"2"," Downloaded 660579 bytes..."
"2"," Downloaded 663475 bytes..."
"2"," Downloaded 666371 bytes..."
"2"," Downloaded 667819 bytes..."
"2"," Downloaded 670715 bytes..."
"2"," Downloaded 673611 bytes..."
"2"," Downloaded 675059 bytes..."
"2"," Downloaded 677947 bytes..."
"2"," Downloaded 680843 bytes..."
"2"," Downloaded 683739 bytes..."
"2"," Downloaded 685187 bytes..."
"2"," Downloaded 686635 bytes..."
"2"," Downloaded 688083 bytes..."
"2"," Downloaded 689531 bytes..."
"2"," Downloaded 692427 bytes..."
"2"," Downloaded 693875 bytes..."
"2"," Downloaded 695323 bytes..."
"2"," Downloaded 696764 bytes..."
"2"," Downloaded 698204 bytes..."
"2"," Downloaded 706892 bytes..."
"2"," Downloaded 709788 bytes..."
"2"," Downloaded 724260 bytes..."
"2"," Downloaded 728604 bytes..."
"2"," Downloaded 732948 bytes..."
"2"," Downloaded 735844 bytes..."
"2"," Downloaded 737292 bytes..."
"2"," Downloaded 743084 bytes..."
"2"," Downloaded 745980 bytes..."
"2"," Downloaded 748876 bytes..."
"2"," Downloaded 751772 bytes..."
"2"," Downloaded 753220 bytes..."
"2"," Downloaded 754668 bytes..."
"2"," Downloaded 757564 bytes..."
"2"," Downloaded 759005 bytes..."
"2"," Downloaded 763341 bytes..."
"2"," Downloaded 766229 bytes..."
"2"," Downloaded 767677 bytes..."
"2"," Downloaded 770573 bytes..."
"2"," Downloaded 772021 bytes..."
"2"," Downloaded 776365 bytes..."
"2"," Downloaded 779261 bytes..."
"2"," Downloaded 780709 bytes..."
"2"," Downloaded 785046 bytes..."
"2"," Downloaded 786486 bytes..."
"2"," Downloaded 793726 bytes..."
"2"," Downloaded 798070 bytes..."
"2"," Downloaded 800966 bytes..."
"2"," Downloaded 805310 bytes..."
"2"," Downloaded 809654 bytes..."
"2"," Downloaded 812550 bytes..."
"2"," Downloaded 813998 bytes..."
"2"," Downloaded 815446 bytes..."
"2"," Downloaded 819790 bytes..."
"2"," Downloaded 822686 bytes..."
"2"," Downloaded 831358 bytes..."
"2"," Downloaded 835702 bytes..."
"2"," Downloaded 838598 bytes..."
"2"," Downloaded 841494 bytes..."
"2"," Downloaded 842942 bytes..."
"2"," Downloaded 844390 bytes..."
"2"," Downloaded 848734 bytes..."
"2"," Downloaded 851630 bytes..."
"2"," Downloaded 854526 bytes..."
"2"," Downloaded 857422 bytes..."
"2"," Downloaded 860318 bytes..."
"2"," Downloaded 861766 bytes..."
"2"," Downloaded 863214 bytes..."
"2"," Downloaded 866110 bytes..."
"2"," Downloaded 869006 bytes..."
"2"," Downloaded 871902 bytes..."
"2"," Downloaded 874798 bytes..."
"2"," Downloaded 877694 bytes..."
"2"," Downloaded 880590 bytes..."
"2"," Downloaded 883486 bytes..."
"2"," Downloaded 884934 bytes..."
"2"," Downloaded 889278 bytes..."
"2"," Downloaded 892174 bytes..."
"2"," Downloaded 893613 bytes..."
"2"," Downloaded 895061 bytes..."
"2"," Downloaded 896509 bytes..."
"2"," Downloaded 899405 bytes..."
"2"," Downloaded 900853 bytes..."
"2"," Downloaded 902301 bytes..."
"2"," Downloaded 905197 bytes..."
"2"," Downloaded 906645 bytes..."
"2"," Downloaded 910989 bytes..."
"2"," Downloaded 913885 bytes..."
"2"," Downloaded 916781 bytes..."
"2"," Downloaded 919677 bytes..."
"2"," Downloaded 924021 bytes..."
"2"," Downloaded 925469 bytes..."
"2"," Downloaded 929813 bytes..."
"2"," Downloaded 932709 bytes..."
"2"," Downloaded 934157 bytes..."
"2"," Downloaded 937053 bytes..."
"2"," Downloaded 939949 bytes..."
"2"," Downloaded 942845 bytes..."
"2"," Downloaded 945741 bytes..."
"2"," Downloaded 948637 bytes..."
"2"," Downloaded 951533 bytes..."
"2"," Downloaded 954429 bytes..."
"2"," Downloaded 957325 bytes..."
"2"," Downloaded 960221 bytes..."
"2"," Downloaded 964557 bytes..."
"2"," Downloaded 966005 bytes..."
"2"," Downloaded 968901 bytes..."
"2"," Downloaded 971797 bytes..."
"2"," Downloaded 974693 bytes..."
"2"," Downloaded 977589 bytes..."
"2"," Downloaded 980485 bytes..."
"2"," Downloaded 983373 bytes..."
"2"," Downloaded 986269 bytes..."
"2"," Downloaded 989165 bytes..."
"2"," Downloaded 992061 bytes..."
"2"," Downloaded 996405 bytes..."
"2"," Downloaded 997853 bytes..."
"2"," Downloaded 999301 bytes..."
"2"," Downloaded 1003645 bytes..."
"2"," Downloaded 1006541 bytes..."
"2"," Downloaded 1007989 bytes..."
"2"," Downloaded 1010885 bytes..."
"2"," Downloaded 1012333 bytes..."
"2"," Downloaded 1015229 bytes..."
"2"," Downloaded 1018125 bytes..."
"2"," Downloaded 1019573 bytes..."
"2"," Downloaded 1022469 bytes..."
"2"," Downloaded 1025365 bytes..."
"2"," Downloaded 1028261 bytes..."
"2"," Downloaded 1031157 bytes..."
"2"," Downloaded 1034053 bytes..."
"2"," Downloaded 1036949 bytes..."
"2"," Downloaded 1039837 bytes..."
"2"," Downloaded 1042733 bytes..."
"2"," Downloaded 1045621 bytes..."
"2"," Downloaded 1048517 bytes..."
"2"," Downloaded 1052861 bytes..."
"2"," Downloaded 1055757 bytes..."
"2"," Downloaded 1057205 bytes..."
"2"," Downloaded 1060093 bytes..."
"2"," Downloaded 1064437 bytes..."
"2"," Downloaded 1065885 bytes..."
"2"," Downloaded 1067333 bytes..."
"2"," Downloaded 1068781 bytes..."
"2"," Downloaded 1070229 bytes..."
"2"," Downloaded 1073125 bytes..."
"2"," Downloaded 1074573 bytes..."
"2"," Downloaded 1076021 bytes..."
"2"," Downloaded 1077469 bytes..."
"2"," Downloaded 1080365 bytes..."
"2"," Downloaded 1083261 bytes..."
"2"," Downloaded 1087605 bytes..."
"2"," Downloaded 1089053 bytes..."
"2"," Downloaded 1091949 bytes..."
"2"," Downloaded 1094845 bytes..."
"2"," Downloaded 1096293 bytes..."
"2"," Downloaded 1097741 bytes..."
"2"," Downloaded 1099189 bytes..."
"2"," Downloaded 1100637 bytes..."
"2"," Downloaded 1102085 bytes..."
"2"," Downloaded 1106429 bytes..."
"2"," Downloaded 1107877 bytes..."
"2"," Downloaded 1109325 bytes..."
"2"," Downloaded 1110773 bytes..."
"2"," Downloaded 1112221 bytes..."
"2"," Downloaded 1113669 bytes..."
"2"," Downloaded 1115117 bytes..."
"2"," Downloaded 1116565 bytes..."
"2"," Downloaded 1118013 bytes..."
"2"," Downloaded 1119452 bytes..."
"2"," Downloaded 1122348 bytes..."
"2"," Downloaded 1123796 bytes..."
"2"," Downloaded 1126692 bytes..."
"2"," Downloaded 1129588 bytes..."
"2"," Downloaded 1131036 bytes..."
"2"," Downloaded 1135380 bytes..."
"2"," Downloaded 1136828 bytes..."
"2"," Downloaded 1139724 bytes..."
"2"," Downloaded 1141172 bytes..."
"2"," Downloaded 1144068 bytes..."
"2"," Downloaded 1145516 bytes..."
"2"," Downloaded 1146964 bytes..."
"2"," Downloaded 1149860 bytes..."
"2"," Downloaded 1152756 bytes..."
"2"," Downloaded 1155652 bytes..."
"2"," Downloaded 1157100 bytes..."
"2"," Downloaded 1158548 bytes..."
"2"," Downloaded 1159996 bytes..."
"2"," Downloaded 1162892 bytes..."
"2"," Downloaded 1165788 bytes..."
"2"," Downloaded 1168684 bytes..."
"2"," Downloaded 1171580 bytes..."
"2"," Downloaded 1175924 bytes..."
"2"," Downloaded 1177372 bytes..."
"2"," Downloaded 1186060 bytes..."
"2"," Downloaded 1187508 bytes..."
"2"," Downloaded 1188956 bytes..."
"2"," Downloaded 1191852 bytes..."
"2"," Downloaded 1194748 bytes..."
"2"," Downloaded 1197644 bytes..."
"2"," Downloaded 1199092 bytes..."
"2"," Downloaded 1201981 bytes..."
"2"," Downloaded 1203429 bytes..."
"2"," Downloaded 1207765 bytes..."
"2"," Downloaded 1210661 bytes..."
"2"," Downloaded 1212109 bytes..."
"2"," Downloaded 1215005 bytes..."
"2"," Downloaded 1217901 bytes..."
"2"," Downloaded 1220797 bytes..."
"2"," Downloaded 1223693 bytes..."
"2"," Downloaded 1226589 bytes..."
"2"," Downloaded 1229485 bytes..."
"2"," Downloaded 1232381 bytes..."
"2"," Downloaded 1236725 bytes..."
"2"," Downloaded 1238173 bytes..."
"2"," Downloaded 1241069 bytes..."
"2"," Downloaded 1242517 bytes..."
"2"," Downloaded 1245405 bytes..."
"2"," Downloaded 1246853 bytes..."
"2"," Downloaded 1249749 bytes..."
"2"," Downloaded 1252645 bytes..."
"2"," Downloaded 1254093 bytes..."
"2"," Downloaded 1256989 bytes..."
"2"," Downloaded 1259885 bytes..."
"2"," Downloaded 1262774 bytes..."
"2"," Downloaded 1265662 bytes..."
"2"," Downloaded 1268558 bytes..."
"2"," Downloaded 1271446 bytes..."
"2"," Downloaded 1274342 bytes..."
"2"," Downloaded 1277238 bytes..."
"2"," Downloaded 1280126 bytes..."
"2"," Downloaded 1283022 bytes..."
"2"," Downloaded 1285918 bytes..."
"2"," Downloaded 1288806 bytes..."
"2"," Downloaded 1291702 bytes..."
"2"," Downloaded 1294590 bytes..."
"2"," Downloaded 1297486 bytes..."
"2"," Downloaded 1300382 bytes..."
"2"," Downloaded 1303270 bytes..."
"2"," Downloaded 1306166 bytes..."
"2"," Downloaded 1309062 bytes..."
"2"," Downloaded 1311958 bytes..."
"2"," Downloaded 1314854 bytes..."
"2"," Downloaded 1316302 bytes..."
"2"," Downloaded 1319198 bytes..."
"2"," Downloaded 1322094 bytes..."
"2"," Downloaded 1323542 bytes..."
"2"," Downloaded 1326438 bytes..."
"2"," Downloaded 1329334 bytes..."
"2"," Downloaded 1332230 bytes..."
"2"," Downloaded 1335126 bytes..."
"2"," Downloaded 1338014 bytes..."
"2"," Downloaded 1340910 bytes..."
"2"," Downloaded 1343806 bytes..."
"2"," Downloaded 1346702 bytes..."
"2"," Downloaded 1351046 bytes..."
"2"," Downloaded 1352494 bytes..."
"2"," Downloaded 1355390 bytes..."
"2"," Downloaded 1358286 bytes..."
"2"," Downloaded 1359734 bytes..."
"2"," Downloaded 1362630 bytes..."
"2"," Downloaded 1365526 bytes..."
"2"," Downloaded 1366974 bytes..."
"2"," Downloaded 1369870 bytes..."
"2"," Downloaded 1372766 bytes..."
"2"," Downloaded 1377102 bytes..."
"2"," Downloaded 1379998 bytes..."
"2"," Downloaded 1382894 bytes..."
"2"," Downloaded 1385790 bytes..."
"2"," Downloaded 1387238 bytes..."
"2"," Downloaded 1391582 bytes..."
"2"," Downloaded 1394470 bytes..."
"2"," Downloaded 1397366 bytes..."
"2"," Downloaded 1400262 bytes..."
"2"," Downloaded 1401710 bytes..."
"2"," Downloaded 1404606 bytes..."
"2"," Downloaded 1406054 bytes..."
"2"," Downloaded 1408950 bytes..."
"2"," Downloaded 1411838 bytes..."
"2"," Downloaded 1414734 bytes..."
"2"," Downloaded 1417630 bytes..."
"2"," Downloaded 1421974 bytes..."
"2"," Downloaded 1424870 bytes..."
"2"," Downloaded 1429206 bytes..."
"2"," Downloaded 1430654 bytes..."
"2"," Downloaded 1433550 bytes..."
"2"," Downloaded 1434998 bytes..."
"2"," Downloaded 1437886 bytes..."
"2"," Downloaded 1440782 bytes..."
"2"," Downloaded 1443678 bytes..."
"2"," Downloaded 1445126 bytes..."
"2"," Downloaded 1448022 bytes..."
"2"," Downloaded 1449470 bytes..."
"2"," Downloaded 1452366 bytes..."
"2"," Downloaded 1455262 bytes..."
"2"," Downloaded 1456710 bytes..."
"2"," Downloaded 1458151 bytes..."
"2"," Downloaded 1463935 bytes..."
"2"," Downloaded 1466831 bytes..."
"2"," Downloaded 1469727 bytes..."
"2"," Downloaded 1472623 bytes..."
"2"," Downloaded 1475519 bytes..."
"2"," Downloaded 1479863 bytes..."
"2"," Downloaded 1482759 bytes..."
"2"," Downloaded 1485655 bytes..."
"2"," Downloaded 1488543 bytes..."
"2"," Downloaded 1489991 bytes..."
"2"," Downloaded 1494335 bytes..."
"2"," Downloaded 1497231 bytes..."
"2"," Downloaded 1498679 bytes..."
"2"," Downloaded 1501575 bytes..."
"2"," Downloaded 1503023 bytes..."
"2"," Downloaded 1504471 bytes..."
"2"," Downloaded 1507367 bytes..."
"2"," Downloaded 1508815 bytes..."
"2"," Downloaded 1511711 bytes..."
"2"," Downloaded 1514607 bytes..."
"2"," Downloaded 1517503 bytes..."
"2"," Downloaded 1518951 bytes..."
"2"," Downloaded 1521847 bytes..."
"2"," Downloaded 1523287 bytes..."
"2"," Downloaded 1526183 bytes..."
"2"," Downloaded 1529079 bytes..."
"2"," Downloaded 1531975 bytes..."
"2"," Downloaded 1533423 bytes..."
"2"," Downloaded 1534871 bytes..."
"2"," Downloaded 1537767 bytes..."
"2"," Downloaded 1539215 bytes..."
"2"," Downloaded 1540663 bytes..."
"2"," Downloaded 1543559 bytes..."
"2"," Downloaded 1546455 bytes..."
"2"," Downloaded 1547903 bytes..."
"2"," Downloaded 1549351 bytes..."
"2"," Downloaded 1550799 bytes..."
"2"," Downloaded 1553695 bytes..."
"2"," Downloaded 1556591 bytes..."
"2"," Downloaded 1559487 bytes..."
"2"," Downloaded 1562383 bytes..."
"2"," Downloaded 1563831 bytes..."
"2"," Downloaded 1566727 bytes..."
"2"," Downloaded 1568175 bytes..."
"2"," Downloaded 1572519 bytes..."
"2"," Downloaded 1573967 bytes..."
"2"," Downloaded 1575415 bytes..."
"2"," Downloaded 1576863 bytes..."
"2"," Downloaded 1578311 bytes..."
"2"," Downloaded 1581207 bytes..."
"2"," Downloaded 1582655 bytes..."
"2"," Downloaded 1586992 bytes..."
"2"," Downloaded 1589880 bytes..."
"2"," Downloaded 1592776 bytes..."
"2"," Downloaded 1595672 bytes..."
"2"," Downloaded 1598560 bytes..."
"2"," Downloaded 1600008 bytes..."
"2"," Downloaded 1601456 bytes..."
"2"," Downloaded 1602904 bytes..."
"2"," Downloaded 1605800 bytes..."
"2"," Downloaded 1608696 bytes..."
"2"," Downloaded 1611592 bytes..."
"2"," Downloaded 1614488 bytes..."
"2"," Downloaded 1618832 bytes..."
"2"," Downloaded 1621728 bytes..."
"2"," Downloaded 1626064 bytes..."
"2"," Downloaded 1628960 bytes..."
"2"," Downloaded 1630408 bytes..."
"2"," Downloaded 1634752 bytes..."
"2"," Downloaded 1637648 bytes..."
"2"," Downloaded 1640544 bytes..."
"2"," Downloaded 1641992 bytes..."
"2"," Downloaded 1643440 bytes..."
"2"," Downloaded 1644888 bytes..."
"2"," Downloaded 1646336 bytes..."
"2"," Downloaded 1647784 bytes..."
"2"," Downloaded 1650680 bytes..."
"2"," Downloaded 1652128 bytes..."
"2"," Downloaded 1653576 bytes..."
"2"," Downloaded 1656472 bytes..."
"2"," Downloaded 1657920 bytes..."
"2"," Downloaded 1660816 bytes..."
"2"," Downloaded 1663704 bytes..."
"2"," Downloaded 1666600 bytes..."
"2"," Downloaded 1668048 bytes..."
"2"," Downloaded 1669496 bytes..."
"2"," Downloaded 1673840 bytes..."
"2"," Downloaded 1676736 bytes..."
"2"," Downloaded 1679632 bytes..."
"2"," Downloaded 1682528 bytes..."
"2"," Downloaded 1685424 bytes..."
"2"," Downloaded 1688320 bytes..."
"2"," Downloaded 1689761 bytes..."
"2"," Downloaded 1692649 bytes..."
"2"," Downloaded 1694097 bytes..."
"2"," Downloaded 1695545 bytes..."
"2"," Downloaded 1698441 bytes..."
"2"," Downloaded 1699889 bytes..."
"2"," Downloaded 1704233 bytes..."
"2"," Downloaded 1707129 bytes..."
"2"," Downloaded 1710025 bytes..."
"2"," Downloaded 1712921 bytes..."
"2"," Downloaded 1717265 bytes..."
"2"," Downloaded 1720161 bytes..."
"2"," Downloaded 1724505 bytes..."
"2"," Downloaded 1725953 bytes..."
"2"," Downloaded 1727401 bytes..."
"2"," Downloaded 1731737 bytes..."
"2"," Downloaded 1734633 bytes..."
"2"," Downloaded 1737529 bytes..."
"2"," Downloaded 1740425 bytes..."
"2"," Downloaded 1743321 bytes..."
"2"," Downloaded 1746217 bytes..."
"2"," Downloaded 1749113 bytes..."
"2"," Downloaded 1750553 bytes..."
"2"," Downloaded 1752001 bytes..."
"2"," Downloaded 1754897 bytes..."
"2"," Downloaded 1756345 bytes..."
"2"," Downloaded 1759241 bytes..."
"2"," Downloaded 1760689 bytes..."
"2"," Downloaded 1763585 bytes..."
"2"," Downloaded 1766481 bytes..."
"2"," Downloaded 1769369 bytes..."
"2"," Downloaded 1770817 bytes..."
"2"," Downloaded 1773713 bytes..."
"2"," Downloaded 1775161 bytes..."
"2"," Downloaded 1778057 bytes..."
"2"," Downloaded 1780953 bytes..."
"2"," Downloaded 1783841 bytes..."
"2"," Downloaded 1786737 bytes..."
"2"," Downloaded 1789633 bytes..."
"2"," Downloaded 1793977 bytes..."
"2"," Downloaded 1796873 bytes..."
"2"," Downloaded 1799769 bytes..."
"2"," Downloaded 1802665 bytes..."
"2"," Downloaded 1807009 bytes..."
"2"," Downloaded 1809905 bytes..."
"2"," Downloaded 1811353 bytes..."
"2"," Downloaded 1817145 bytes..."
"2"," Downloaded 1820041 bytes..."
"2"," Downloaded 1821489 bytes..."
"2"," Downloaded 1824385 bytes..."
"2"," Downloaded 1827281 bytes..."
"2"," Downloaded 1830177 bytes..."
"2"," Downloaded 1833073 bytes..."
"2"," Downloaded 1834521 bytes..."
"2"," Downloaded 1837417 bytes..."
"2"," Downloaded 1838865 bytes..."
"2"," Downloaded 1841753 bytes..."
"2"," Downloaded 1844649 bytes..."
"2"," Downloaded 1846097 bytes..."
"2"," Downloaded 1848985 bytes..."
"2"," Downloaded 1853329 bytes..."
"2"," Downloaded 1854777 bytes..."
"2"," Downloaded 1857673 bytes..."
"2"," Downloaded 1860569 bytes..."
"2"," Downloaded 1863465 bytes..."
"2"," Downloaded 1867809 bytes..."
"2"," Downloaded 1870705 bytes..."
"2"," Downloaded 1873601 bytes..."
"2"," Downloaded 1876497 bytes..."
"2"," Downloaded 1880841 bytes..."
"2"," Downloaded 1883737 bytes..."
"2"," Downloaded 1886633 bytes..."
"2"," Downloaded 1888081 bytes..."
"2"," Downloaded 1890977 bytes..."
"2"," Downloaded 1893873 bytes..."
"2"," Downloaded 1895321 bytes..."
"2"," Downloaded 1896761 bytes..."
"2"," Downloaded 1899657 bytes..."
"2"," Downloaded 1902553 bytes..."
"2"," Downloaded 1905449 bytes..."
"2"," Downloaded 1906897 bytes..."
"2"," Downloaded 1911241 bytes..."
"2"," Downloaded 1914129 bytes..."
"2"," Downloaded 1917025 bytes..."
"2"," Downloaded 1918473 bytes..."
"2"," Downloaded 1921369 bytes..."
"2"," Downloaded 1924265 bytes..."
"2"," Downloaded 1927161 bytes..."
"2"," Downloaded 1928609 bytes..."
"2"," Downloaded 1930057 bytes..."
"2"," Downloaded 1932953 bytes..."
"2"," Downloaded 1937297 bytes..."
"2"," Downloaded 1940193 bytes..."
"2"," Downloaded 1943089 bytes..."
"2"," Downloaded 1945985 bytes..."
"2"," Downloaded 1948881 bytes..."
"2"," Downloaded 1951777 bytes..."
"2"," Downloaded 1954673 bytes..."
"2"," Downloaded 1956121 bytes..."
"2"," Downloaded 1959017 bytes..."
"2"," Downloaded 1963361 bytes..."
"2"," Downloaded 1966249 bytes..."
"2"," Downloaded 1967697 bytes..."
"2"," Downloaded 1969145 bytes..."
"2"," Downloaded 1970593 bytes..."
"2"," Downloaded 1973489 bytes..."
"2"," Downloaded 1976385 bytes..."
"2"," Downloaded 1977825 bytes..."
"2"," Downloaded 1982169 bytes..."
"2"," Downloaded 1983617 bytes..."
"2"," Downloaded 1985065 bytes..."
"2"," Downloaded 1987961 bytes..."
"2"," Downloaded 1990857 bytes..."
"2"," Downloaded 1993753 bytes..."
"2"," Downloaded 1996649 bytes..."
"2"," Downloaded 1999545 bytes..."
"2"," Downloaded 2000985 bytes..."
"2"," Downloaded 2002433 bytes..."
"2"," Downloaded 2003881 bytes..."
"2"," Downloaded 2006777 bytes..."
"2"," Downloaded 2008225 bytes..."
"2"," Downloaded 2009673 bytes..."
"2"," Downloaded 2012569 bytes..."
"2"," Downloaded 2015465 bytes..."
"2"," Downloaded 2018361 bytes..."
"2"," Downloaded 2021257 bytes..."
"2"," Downloaded 2024153 bytes..."
"2"," Downloaded 2025601 bytes..."
"2"," Downloaded 2027049 bytes..."
"2"," Downloaded 2028497 bytes..."
"2"," Downloaded 2031393 bytes..."
"2"," Downloaded 2032833 bytes..."
"2"," Downloaded 2035729 bytes..."
"2"," Downloaded 2037177 bytes..."
"2"," Downloaded 2038625 bytes..."
"2"," Downloaded 2040073 bytes..."
"2"," Downloaded 2041521 bytes..."
"2"," Downloaded 2044417 bytes..."
"2"," Downloaded 2047313 bytes..."
"2"," Downloaded 2050201 bytes..."
"2"," Downloaded 2053097 bytes..."
"2"," Downloaded 2054545 bytes..."
"2"," Downloaded 2058889 bytes..."
"2"," Downloaded 2061785 bytes..."
"2"," Downloaded 2063233 bytes..."
"2"," Downloaded 2066129 bytes..."
"2"," Downloaded 2069025 bytes..."
"2"," Downloaded 2070473 bytes..."
"2"," Downloaded 2071921 bytes..."
"2"," Downloaded 2073369 bytes..."
"2"," Downloaded 2074817 bytes..."
"2"," Downloaded 2077713 bytes..."
"2"," Downloaded 2079161 bytes..."
"2"," Downloaded 2082057 bytes..."
"2"," Downloaded 2084953 bytes..."
"2"," Downloaded 2087849 bytes..."
"2"," Downloaded 2089297 bytes..."
"2"," Downloaded 2092193 bytes..."
"2"," Downloaded 2095089 bytes..."
"2"," Downloaded 2096537 bytes..."
"2"," Downloaded 2100873 bytes..."
"2"," Downloaded 2102321 bytes..."
"2"," Downloaded 2105217 bytes..."
"2"," Downloaded 2108113 bytes..."
"2"," Downloaded 2109561 bytes..."
"2"," Downloaded 2111009 bytes..."
"2"," Downloaded 2112457 bytes..."
"2"," Downloaded 2115345 bytes..."
"2"," Downloaded 2118241 bytes..."
"2"," Downloaded 2119689 bytes..."
"2"," Downloaded 2124033 bytes..."
"2"," Downloaded 2126929 bytes..."
"2"," Downloaded 2128377 bytes..."
"2"," Downloaded 2131265 bytes..."
"2"," Downloaded 2134161 bytes..."
"2"," Downloaded 2135609 bytes..."
"2"," Downloaded 2138505 bytes..."
"2"," Downloaded 2142849 bytes..."
"2"," Downloaded 2145745 bytes..."
"2"," Downloaded 2148633 bytes..."
"2"," Downloaded 2151529 bytes..."
"2"," Downloaded 2152977 bytes..."
"2"," Downloaded 2155873 bytes..."
"2"," Downloaded 2157321 bytes..."
"2"," Downloaded 2158769 bytes..."
"2"," Downloaded 2163113 bytes..."
"2"," Downloaded 2166009 bytes..."
"2"," Downloaded 2168905 bytes..."
"2"," Downloaded 2170353 bytes..."
"2"," Downloaded 2171801 bytes..."
"2"," Downloaded 2174697 bytes..."
"2"," Downloaded 2179041 bytes..."
"2"," Downloaded 2181937 bytes..."
"2"," Downloaded 2184833 bytes..."
"2"," Downloaded 2186281 bytes..."
"2"," Downloaded 2187729 bytes..."
"2"," Downloaded 2192065 bytes..."
"2"," Downloaded 2194961 bytes..."
"2"," Downloaded 2196409 bytes..."
"2"," Downloaded 2200753 bytes..."
"2"," Downloaded 2202201 bytes..."
"2"," Downloaded 2205097 bytes..."
"2"," Downloaded 2207993 bytes..."
"2"," Downloaded 2209441 bytes..."
"2"," Downloaded 2212337 bytes..."
"2"," Downloaded 2213785 bytes..."
"2"," Downloaded 2216681 bytes..."
"2"," Downloaded 2218129 bytes..."
"2"," Downloaded 2219577 bytes..."
"2"," Downloaded 2222473 bytes..."
"2"," Downloaded 2223921 bytes..."
"2"," Downloaded 2228265 bytes..."
"2"," Downloaded 2231161 bytes..."
"2"," Downloaded 2232609 bytes..."
"2"," Downloaded 2235505 bytes..."
"2"," Downloaded 2238401 bytes..."
"2"," Downloaded 2241297 bytes..."
"2"," Downloaded 2244193 bytes..."
"2"," Downloaded 2245641 bytes..."
"2"," Downloaded 2248537 bytes..."
"2"," Downloaded 2251433 bytes..."
"2"," Downloaded 2254321 bytes..."
"2"," Downloaded 2255769 bytes..."
"2"," Downloaded 2258665 bytes..."
"2"," Downloaded 2261561 bytes..."
"2"," Downloaded 2263009 bytes..."
"2"," Downloaded 2265905 bytes..."
"2"," Downloaded 2268801 bytes..."
"2"," Downloaded 2271689 bytes..."
"2"," Downloaded 2274585 bytes..."
"2"," Downloaded 2277473 bytes..."
"2"," Downloaded 2278921 bytes..."
"2"," Downloaded 2281817 bytes..."
"2"," Downloaded 2284713 bytes..."
"2"," Downloaded 2286147 bytes..."
"2"," Downloaded 2289043 bytes..."
"2"," Downloaded 2291939 bytes..."
"2"," Downloaded 2293387 bytes..."
"2"," Downloaded 2294835 bytes..."
"2"," Downloaded 2297731 bytes..."
"2"," Downloaded 2300627 bytes..."
"2"," Downloaded 2303515 bytes..."
"2"," Downloaded 2304963 bytes..."
"2"," Downloaded 2306411 bytes..."
"2"," Downloaded 2307859 bytes..."
"2"," Downloaded 2312203 bytes..."
"2"," Downloaded 2315099 bytes..."
"2"," Downloaded 2316547 bytes..."
"2"," Downloaded 2319435 bytes..."
"2"," Downloaded 2320883 bytes..."
"2"," Downloaded 2323779 bytes..."
"2"," Downloaded 2326675 bytes..."
"2"," Downloaded 2328123 bytes..."
"2"," Downloaded 2331019 bytes..."
"2"," Downloaded 2333915 bytes..."
"2"," Downloaded 2336811 bytes..."
"2"," Downloaded 2339707 bytes..."
"2"," Downloaded 2342603 bytes..."
"2"," Downloaded 2345491 bytes..."
"2"," Downloaded 2346939 bytes..."
"2"," Downloaded 2348387 bytes..."
"2"," Downloaded 2354179 bytes..."
"2"," Downloaded 2357075 bytes..."
"2"," Downloaded 2359971 bytes..."
"2"," Downloaded 2362867 bytes..."
"2"," Downloaded 2365763 bytes..."
"2"," Downloaded 2368659 bytes..."
"2"," Downloaded 2370107 bytes..."
"2"," Downloaded 2374451 bytes..."
"2"," Downloaded 2377339 bytes..."
"2"," Downloaded 2380235 bytes..."
"2"," Downloaded 2383131 bytes..."
"2"," Downloaded 2386027 bytes..."
"2"," Downloaded 2390371 bytes..."
"2"," Downloaded 2391819 bytes..."
"2"," Downloaded 2396163 bytes..."
"2"," Downloaded 2397611 bytes..."
"2"," Downloaded 2400507 bytes..."
"2"," Downloaded 2403403 bytes..."
"2"," Downloaded 2406299 bytes..."
"2"," Downloaded 2410643 bytes..."
"2"," Downloaded 2412091 bytes..."
"2"," Downloaded 2416435 bytes..."
"2"," Downloaded 2419331 bytes..."
"2"," Downloaded 2420779 bytes..."
"2"," Downloaded 2423675 bytes..."
"2"," Downloaded 2426571 bytes..."
"2"," Downloaded 2428019 bytes..."
"2"," Downloaded 2432363 bytes..."
"2"," Downloaded 2435251 bytes..."
"2"," Downloaded 2436699 bytes..."
"2"," Downloaded 2438147 bytes..."
"2"," Downloaded 2439595 bytes..."
"2"," Downloaded 2441043 bytes..."
"2"," Downloaded 2445387 bytes..."
"2"," Downloaded 2448283 bytes..."
"2"," Downloaded 2451179 bytes..."
"2"," Downloaded 2454075 bytes..."
"2"," Downloaded 2458419 bytes..."
"2"," Downloaded 2461315 bytes..."
"2"," Downloaded 2464211 bytes..."
"2"," Downloaded 2467107 bytes..."
"2"," Downloaded 2468555 bytes..."
"2"," Downloaded 2472899 bytes..."
"2"," Downloaded 2474347 bytes..."
"2"," Downloaded 2475795 bytes..."
"2"," Downloaded 2477243 bytes..."
"2"," Downloaded 2480131 bytes..."
"2"," Downloaded 2483027 bytes..."
"2"," Downloaded 2484475 bytes..."
"2"," Downloaded 2485923 bytes..."
"2"," Downloaded 2488819 bytes..."
"2"," Downloaded 2490267 bytes..."
"2"," Downloaded 2496059 bytes..."
"2"," Downloaded 2498947 bytes..."
"2"," Downloaded 2503291 bytes..."
"2"," Downloaded 2506178 bytes..."
"2"," Downloaded 2509074 bytes..."
"2"," Downloaded 2511970 bytes..."
"2"," Downloaded 2514866 bytes..."
"2"," Downloaded 2517762 bytes..."
"2"," Downloaded 2520658 bytes..."
"2"," Downloaded 2523554 bytes..."
"2"," Downloaded 2525002 bytes..."
"2"," Downloaded 2526450 bytes..."
"2"," Downloaded 2527898 bytes..."
"2"," Downloaded 2532242 bytes..."
"2"," Downloaded 2535138 bytes..."
"2"," Downloaded 2538034 bytes..."
"2"," Downloaded 2539482 bytes..."
"2"," Downloaded 2542378 bytes..."
"2"," Downloaded 2543826 bytes..."
"2"," Downloaded 2545274 bytes..."
"2"," Downloaded 2546722 bytes..."
"2"," Downloaded 2548170 bytes..."
"2"," Downloaded 2551066 bytes..."
"2"," Downloaded 2553962 bytes..."
"2"," Downloaded 2555410 bytes..."
"2"," Downloaded 2558306 bytes..."
"2"," Downloaded 2561202 bytes..."
"2"," Downloaded 2564098 bytes..."
"2"," Downloaded 2566994 bytes..."
"2"," Downloaded 2569890 bytes..."
"2"," Downloaded 2571338 bytes..."
"2"," Downloaded 2575674 bytes..."
"2"," Downloaded 2578570 bytes..."
"2"," Downloaded 2582914 bytes..."
"2"," Downloaded 2585810 bytes..."
"2"," Downloaded 2588706 bytes..."
"2"," Downloaded 2590154 bytes..."
"2"," Downloaded 2593050 bytes..."
"2"," Downloaded 2594498 bytes..."
"2"," Downloaded 2595946 bytes..."
"2"," Downloaded 2600290 bytes..."
"2"," Downloaded 2603178 bytes..."
"2"," Downloaded 2607522 bytes..."
"2"," Downloaded 2608970 bytes..."
"2"," Downloaded 2613314 bytes..."
"2"," Downloaded 2614762 bytes..."
"2"," Downloaded 2616210 bytes..."
"2"," Downloaded 2619106 bytes..."
"2"," Downloaded 2622002 bytes..."
"2"," Downloaded 2624898 bytes..."
"2"," Downloaded 2627794 bytes..."
"2"," Downloaded 2630682 bytes..."
"2"," Downloaded 2633578 bytes..."
"2"," Downloaded 2637922 bytes..."
"2"," Downloaded 2640818 bytes..."
"2"," Downloaded 2643714 bytes..."
"2"," Downloaded 2646610 bytes..."
"2"," Downloaded 2649506 bytes..."
"2"," Downloaded 2652394 bytes..."
"2"," Downloaded 2655290 bytes..."
"2"," Downloaded 2658186 bytes..."
"2"," Downloaded 2659634 bytes..."
"2"," Downloaded 2661082 bytes..."
"2"," Downloaded 2663978 bytes..."
"2"," Downloaded 2666874 bytes..."
"2"," Downloaded 2669770 bytes..."
"2"," Downloaded 2672666 bytes..."
"2"," Downloaded 2674114 bytes..."
"2"," Downloaded 2677010 bytes..."
"2"," Downloaded 2681354 bytes..."
"2"," Downloaded 2684250 bytes..."
"2"," Downloaded 2685698 bytes..."
"2"," Downloaded 2687146 bytes..."
"2"," Downloaded 2688594 bytes..."
"2"," Downloaded 2691490 bytes..."
"2"," Downloaded 2694378 bytes..."
"2"," Downloaded 2695826 bytes..."
"2"," Downloaded 2700170 bytes..."
"2"," Downloaded 2701618 bytes..."
"2"," Downloaded 2704514 bytes..."
"2"," Downloaded 2707410 bytes..."
"2"," Downloaded 2710306 bytes..."
"2"," Downloaded 2714650 bytes..."
"2"," Downloaded 2717546 bytes..."
"2"," Downloaded 2720442 bytes..."
"2"," Downloaded 2723338 bytes..."
"2"," Downloaded 2726234 bytes..."
"2"," Downloaded 2729130 bytes..."
"2"," Downloaded 2732026 bytes..."
"2"," Downloaded 2734922 bytes..."
"2"," Downloaded 2737818 bytes..."
"2"," Downloaded 2740714 bytes..."
"2"," Downloaded 2743610 bytes..."
"2"," Downloaded 2746506 bytes..."
"2"," Downloaded 2749402 bytes..."
"2"," Downloaded 2752298 bytes..."
"2"," Downloaded 2755186 bytes..."
"2"," Downloaded 2756634 bytes..."
"2"," Downloaded 2758082 bytes..."
"2"," Downloaded 2760978 bytes..."
"2"," Downloaded 2763874 bytes..."
"2"," Downloaded 2766770 bytes..."
"2"," Downloaded 2769666 bytes..."
"2"," Downloaded 2772562 bytes..."
"2"," Downloaded 2776898 bytes..."
"2"," Downloaded 2779794 bytes..."
"2"," Downloaded 2782682 bytes..."
"2"," Downloaded 2785578 bytes..."
"2"," Downloaded 2788474 bytes..."
"2"," Downloaded 2791370 bytes..."
"2"," Downloaded 2795714 bytes..."
"2"," Downloaded 2798602 bytes..."
"2"," Downloaded 2800050 bytes..."
"2"," Downloaded 2801498 bytes..."
"2"," Downloaded 2805842 bytes..."
"2"," Downloaded 2808738 bytes..."
"2"," Downloaded 2810186 bytes..."
"2"," Downloaded 2813082 bytes..."
"2"," Downloaded 2814530 bytes..."
"2"," Downloaded 2815978 bytes..."
"2"," Downloaded 2818874 bytes..."
"2"," Downloaded 2821770 bytes..."
"2"," Downloaded 2823218 bytes..."
"2"," Downloaded 2826106 bytes..."
"2"," Downloaded 2829002 bytes..."
"2"," Downloaded 2831898 bytes..."
"2"," Downloaded 2834794 bytes..."
"2"," Downloaded 2836234 bytes..."
"2"," Downloaded 2839130 bytes..."
"2"," Downloaded 2842026 bytes..."
"2"," Downloaded 2844922 bytes..."
"2"," Downloaded 2847818 bytes..."
"2"," Downloaded 2849266 bytes..."
"2"," Downloaded 2853610 bytes..."
"2"," Downloaded 2856506 bytes..."
"2"," Downloaded 2860850 bytes..."
"2"," Downloaded 2865194 bytes..."
"2"," Downloaded 2869538 bytes..."
"2"," Downloaded 2870986 bytes..."
"2"," Downloaded 2873882 bytes..."
"2"," Downloaded 2876778 bytes..."
"2"," Downloaded 2878226 bytes..."
"2"," Downloaded 2879674 bytes..."
"2"," Downloaded 2882570 bytes..."
"2"," Downloaded 2885466 bytes..."
"2"," Downloaded 2886914 bytes..."
"2"," Downloaded 2889802 bytes..."
"2"," Downloaded 2892698 bytes..."
"2"," Downloaded 2894146 bytes..."
"2"," Downloaded 2897042 bytes..."
"2"," Downloaded 2898490 bytes..."
"2"," Downloaded 2899938 bytes..."
"2"," Downloaded 2901386 bytes..."
"2"," Downloaded 2902834 bytes..."
"2"," Downloaded 2904282 bytes..."
"2"," Downloaded 2907178 bytes..."
"2"," Downloaded 2908626 bytes..."
"2"," Downloaded 2910074 bytes..."
"2"," Downloaded 2912970 bytes..."
"2"," Downloaded 2915866 bytes..."
"2"," Downloaded 2918762 bytes..."
"2"," Downloaded 2920210 bytes..."
"2"," Downloaded 2924554 bytes..."
"2"," Downloaded 2928898 bytes..."
"2"," Downloaded 2931794 bytes..."
"2"," Downloaded 2933242 bytes..."
"2"," Downloaded 2934690 bytes..."
"2"," Downloaded 2936138 bytes..."
"2"," Downloaded 2939034 bytes..."
"2"," Downloaded 2940474 bytes..."
"2"," Downloaded 2943370 bytes..."
"2"," Downloaded 2946266 bytes..."
"2"," Downloaded 2947714 bytes..."
"2"," Downloaded 2952058 bytes..."
"2"," Downloaded 2954946 bytes..."
"2"," Downloaded 2956394 bytes..."
"2"," Downloaded 2959290 bytes..."
"2"," Downloaded 2962186 bytes..."
"2"," Downloaded 2965082 bytes..."
"2"," Downloaded 2967978 bytes..."
"2"," Downloaded 2973762 bytes..."
"2"," Downloaded 2975210 bytes..."
"2"," Downloaded 2978106 bytes..."
"2"," Downloaded 2981002 bytes..."
"2"," Downloaded 2983898 bytes..."
"2"," Downloaded 2985346 bytes..."
"2"," Downloaded 2988242 bytes..."
"2"," Downloaded 2991138 bytes..."
"2"," Downloaded 2992586 bytes..."
"2"," Downloaded 2994034 bytes..."
"2"," Downloaded 3004170 bytes..."
"2"," Downloaded 3005618 bytes..."
"2"," Downloaded 3008514 bytes..."
"2"," Downloaded 3009962 bytes..."
"2"," Downloaded 3011410 bytes..."
"2"," Downloaded 3014306 bytes..."
"2"," Downloaded 3017202 bytes..."
"2"," Downloaded 3020090 bytes..."
"2"," Downloaded 3022986 bytes..."
"2"," Downloaded 3024434 bytes..."
"2"," Downloaded 3027330 bytes..."
"2"," Downloaded 3030226 bytes..."
"2"," Downloaded 3033122 bytes..."
"2"," Downloaded 3034570 bytes..."
"2"," Downloaded 3036018 bytes..."
"2"," Downloaded 3038914 bytes..."
"2"," Downloaded 3040362 bytes..."
"2"," Downloaded 3041810 bytes..."
"2"," Downloaded 3044706 bytes..."
"2"," Downloaded 3047602 bytes..."
"2"," Downloaded 3050498 bytes..."
"2"," Downloaded 3051946 bytes..."
"2"," Downloaded 3054842 bytes..."
"2"," Downloaded 3057738 bytes..."
"2"," Downloaded 3060634 bytes..."
"2"," Downloaded 3063530 bytes..."
"2"," Downloaded 3064978 bytes..."
"2"," Downloaded 3067874 bytes..."
"2"," Downloaded 3070770 bytes..."
"2"," Downloaded 3075114 bytes..."
"2"," Downloaded 3076562 bytes..."
"2"," Downloaded 3079450 bytes..."
"2"," Downloaded 3082346 bytes..."
"2"," Downloaded 3085242 bytes..."
"2"," Downloaded 3086690 bytes..."
"2"," Downloaded 3089578 bytes..."
"2"," Downloaded 3092474 bytes..."
"2"," Downloaded 3095370 bytes..."
"2"," Downloaded 3098258 bytes..."
"2"," Downloaded 3101154 bytes..."
"2"," Downloaded 3102602 bytes..."
"2"," Downloaded 3105498 bytes..."
"2"," Downloaded 3108386 bytes..."
"2"," Downloaded 3112730 bytes..."
"2"," Downloaded 3115625 bytes..."
"2"," Downloaded 3117066 bytes..."
"2"," Downloaded 3118514 bytes..."
"2"," Downloaded 3119962 bytes..."
"2"," Downloaded 3122850 bytes..."
"2"," Downloaded 3124298 bytes..."
"2"," Downloaded 3127194 bytes..."
"2"," Downloaded 3130090 bytes..."
"2"," Downloaded 3131538 bytes..."
"2"," Downloaded 3134434 bytes..."
"2"," Downloaded 3138778 bytes..."
"2"," Downloaded 3141674 bytes..."
"2"," Downloaded 3143122 bytes..."
"2"," Downloaded 3146018 bytes..."
"2"," Downloaded 3147466 bytes..."
"2"," Downloaded 3150354 bytes..."
"2"," Downloaded 3153250 bytes..."
"2"," Downloaded 3154698 bytes..."
"2"," Downloaded 3157594 bytes..."
"2"," Downloaded 3159042 bytes..."
"2"," Downloaded 3161938 bytes..."
"2"," Downloaded 3164834 bytes..."
"2"," Downloaded 3169178 bytes..."
"2"," Downloaded 3172066 bytes..."
"2"," Downloaded 3174962 bytes..."
"2"," Downloaded 3177858 bytes..."
"2"," Downloaded 3180754 bytes..."
"2"," Downloaded 3182202 bytes..."
"2"," Downloaded 3185098 bytes..."
"2"," Downloaded 3187994 bytes..."
"2"," Downloaded 3189442 bytes..."
"2"," Downloaded 3190890 bytes..."
"2"," Downloaded 3193786 bytes..."
"2"," Downloaded 3195234 bytes..."
"2"," Downloaded 3199578 bytes..."
"2"," Downloaded 3202474 bytes..."
"2"," Downloaded 3205370 bytes..."
"2"," Downloaded 3206818 bytes..."
"2"," Downloaded 3209714 bytes..."
"2"," Downloaded 3211162 bytes..."
"2"," Downloaded 3214050 bytes..."
"2"," Downloaded 3215498 bytes..."
"2"," Downloaded 3218394 bytes..."
"2"," Downloaded 3221290 bytes..."
"2"," Downloaded 3222738 bytes..."
"2"," Downloaded 3225634 bytes..."
"2"," Downloaded 3228530 bytes..."
"2"," Downloaded 3231426 bytes..."
"2"," Downloaded 3237218 bytes..."
"2"," Downloaded 3241562 bytes..."
"2"," Downloaded 3245906 bytes..."
"2"," Downloaded 3248794 bytes..."
"2"," Downloaded 3253138 bytes..."
"2"," Downloaded 3254586 bytes..."
"2"," Downloaded 3257482 bytes..."
"2"," Downloaded 3260378 bytes..."
"2"," Downloaded 3263274 bytes..."
"2"," Downloaded 3264722 bytes..."
"2"," Downloaded 3267618 bytes..."
"2"," Downloaded 3270514 bytes..."
"2"," Downloaded 3271962 bytes..."
"2"," Downloaded 3274858 bytes..."
"2"," Downloaded 3277754 bytes..."
"2"," Downloaded 3280650 bytes..."
"2"," Downloaded 3283546 bytes..."
"2"," Downloaded 3287890 bytes..."
"2"," Downloaded 3289338 bytes..."
"2"," Downloaded 3293682 bytes..."
"2"," Downloaded 3296578 bytes..."
"2"," Downloaded 3298018 bytes..."
"2"," Downloaded 3300914 bytes..."
"2"," Downloaded 3303810 bytes..."
"2"," Downloaded 3305258 bytes..."
"2"," Downloaded 3308146 bytes..."
"2"," Downloaded 3311042 bytes..."
"2"," Downloaded 3312490 bytes..."
"2"," Downloaded 3315386 bytes..."
"2"," Downloaded 3318282 bytes..."
"2"," Downloaded 3319730 bytes..."
"2"," Downloaded 3322626 bytes..."
"2"," Downloaded 3324074 bytes..."
"2"," Downloaded 3326970 bytes..."
"2"," Downloaded 3329866 bytes..."
"2"," Downloaded 3331314 bytes..."
"2"," Downloaded 3332762 bytes..."
"2"," Downloaded 3335650 bytes..."
"2"," Downloaded 3337098 bytes..."
"2"," Downloaded 3338546 bytes..."
"2"," Downloaded 3341442 bytes..."
"2"," Downloaded 3344338 bytes..."
"2"," Downloaded 3347234 bytes..."
"2"," Downloaded 3350130 bytes..."
"2"," Downloaded 3351570 bytes..."
"2"," Downloaded 3354466 bytes..."
"2"," Downloaded 3357362 bytes..."
"2"," Downloaded 3360258 bytes..."
"2"," Downloaded 3361706 bytes..."
"2"," Downloaded 3364602 bytes..."
"2"," Downloaded 3367498 bytes..."
"2"," Downloaded 3368946 bytes..."
"2"," Downloaded 3371842 bytes..."
"2"," Downloaded 3373290 bytes..."
"2"," Downloaded 3374738 bytes..."
"2"," Downloaded 3376177 bytes..."
"2"," Downloaded 3380521 bytes..."
"2"," Downloaded 3381969 bytes..."
"2"," Downloaded 3384865 bytes..."
"2"," Downloaded 3387761 bytes..."
"2"," Downloaded 3389209 bytes..."
"2"," Downloaded 3392105 bytes..."
"2"," Downloaded 3395001 bytes..."
"2"," Downloaded 3396449 bytes..."
"2"," Downloaded 3397897 bytes..."
"2"," Downloaded 3400793 bytes..."
"2"," Downloaded 3405137 bytes..."
"2"," Downloaded 3406585 bytes..."
"2"," Downloaded 3409481 bytes..."
"2"," Downloaded 3412377 bytes..."
"2"," Downloaded 3413825 bytes..."
"2"," Downloaded 3418169 bytes..."
"2"," Downloaded 3421065 bytes..."
"2"," Downloaded 3423961 bytes..."
"2"," Downloaded 3426857 bytes..."
"2"," Downloaded 3429753 bytes..."
"2"," Downloaded 3432649 bytes..."
"2"," Downloaded 3434097 bytes..."
"2"," Downloaded 3438441 bytes..."
"2"," Downloaded 3441337 bytes..."
"2"," Downloaded 3444233 bytes..."
"2"," Downloaded 3445681 bytes..."
"2"," Downloaded 3447129 bytes..."
"2"," Downloaded 3448577 bytes..."
"2"," Downloaded 3450025 bytes..."
"2"," Downloaded 3451473 bytes..."
"2"," Downloaded 3454369 bytes..."
"2"," Downloaded 3457265 bytes..."
"2"," Downloaded 3458713 bytes..."
"2"," Downloaded 3461609 bytes..."
"2"," Downloaded 3464505 bytes..."
"2"," Downloaded 3467401 bytes..."
"2"," Downloaded 3468096 bytes..."
"2","
Parsing downloaded csv...
"
